id,name,filename,path
"001","忘れ去られた者たち","001.png","assets/theme-packs/001.png"
"002","属せない","002.png","assets/theme-packs/002.png"
"003","カジノプアー","003.png","assets/theme-packs/003.png"
"004","工場自動化","004.png","assets/theme-packs/004.png"
"005","愛することのできない","005.png","assets/theme-packs/005.png"
"006","釘と金鎚","006.png","assets/theme-packs/006.png"
"007","信仰と侵蝕","007.png","assets/theme-packs/007.png"
"008","巣、工房、技術","008.png","assets/theme-packs/008.png"
"009","レイクワールド","009.png","assets/theme-packs/009.png"
"010","ヘルズチキン","010.png","assets/theme-packs/010.png"
"011","う・み・ダ","011.png","assets/theme-packs/011.png"
"012","斬るべきもの","012.png","assets/theme-packs/012.png"
"013","貫くべきもの","013.png","assets/theme-packs/013.png"
"014","壊れるもの","014.png","assets/theme-packs/014.png"
"015","向き合わない","015.png","assets/theme-packs/015.png"
"016","落花","016.png","assets/theme-packs/016.png"
"017","邸宅の副産物","017.png","assets/theme-packs/017.png"
"018","憎悪と絶望","018.png","assets/theme-packs/018.png"
"019","感情に押し潰されるもの","019.png","assets/theme-packs/019.png"
"020","感情に惑わされるもの","020.png","assets/theme-packs/020.png"
"021","感情の前に怠けたもの","021.png","assets/theme-packs/021.png"
"022","感情に餓えたもの","022.png","assets/theme-packs/022.png"
"023","感情に沈水したもの","023.png","assets/theme-packs/023.png"
"024","感情に服従したもの","024.png","assets/theme-packs/024.png"
"025","感情で評価されたもの","025.png","assets/theme-packs/025.png"
"026","流す者たち","026.png","assets/theme-packs/026.png"
"027","這い寄る深淵","027.png","assets/theme-packs/027.png"
"028","とある世界","028.png","assets/theme-packs/028.png"
"029","眩惑・彷徨・不信","029.png","assets/theme-packs/029.png"
"030","20番区の奇跡","030.png","assets/theme-packs/030.png"
"031","肉斬骨断","031.png","assets/theme-packs/031.png"
"032","時間殺人時間","032.png","assets/theme-packs/032.png"
"033","ワープ特急殺人事件","033.png","assets/theme-packs/033.png"
"034","紫の白昼","034.png","assets/theme-packs/034.png"
"035","弾丸が打った終止符","035.png","assets/theme-packs/035.png"
"036","琥珀の夕暮","036.png","assets/theme-packs/036.png"
"037","抑圧された怒り","037.png","assets/theme-packs/037.png"
"038","のめり込む色欲","038.png","assets/theme-packs/038.png"
"039","空回りする怠惰","039.png","assets/theme-packs/039.png"
"040","食い尽くした暴食","040.png","assets/theme-packs/040.png"
"041","戦略する憂鬱","041.png","assets/theme-packs/041.png"
"042","虚勢の傲慢","042.png","assets/theme-packs/042.png"
"043","見窄らしい嫉妬","043.png","assets/theme-packs/043.png"
"044","LCB定期検診","044.png","assets/theme-packs/044.png"
"045","深夜清掃","045.png","assets/theme-packs/045.png"
"046","切磋琢春","046.png","assets/theme-packs/046.png"
"047","縒り合せ","047.png","assets/theme-packs/047.png"
"048","経験記憶","048.png","assets/theme-packs/048.png"
"049","斬り裂く者たち","049.png","assets/theme-packs/049.png"
"050","刺し貫く者たち","050.png","assets/theme-packs/050.png"
"051","壊し砕く者たち","051.png","assets/theme-packs/051.png"
"052","感情の前に怠けたもの","052.png","assets/theme-packs/052.png"
"053","燃え上がる揺らめき","053.png","assets/theme-packs/053.png"
"054","漏れ出した赤血","054.png","assets/theme-packs/054.png"
"055","ぐらつく波動","055.png","assets/theme-packs/055.png"
"056","壊す外力","056.png","assets/theme-packs/056.png"
"057","沈む疼き","057.png","assets/theme-packs/057.png"
"058","吐かれた一息","058.png","assets/theme-packs/058.png"
"059","満ちゆく動力","059.png","assets/theme-packs/059.png"
"060","変わらない","060.png","assets/theme-packs/060.png"
"061","這い寄る深淵","061.png","assets/theme-packs/061.png"
"062","悪に規定される","062.png","assets/theme-packs/062.png"
"063","2号線","063.png","assets/theme-packs/063.png"
"064","20番区の奇跡 BokGak","064.png","assets/theme-packs/064.png"
"065","肉斬骨断 BokGak","065.png","assets/theme-packs/065.png"
"066","時間殺人時間 BokGak","066.png","assets/theme-packs/066.png"
"067","ワープ特急殺人事件 BokGak","067.png","assets/theme-packs/067.png"
"068","火旺の節","068.png","assets/theme-packs/068.png"
"069","屍山血海","069.png","assets/theme-packs/069.png"
"070","異常震域","070.png","assets/theme-packs/070.png"
"071","破竹の勢い","071.png","assets/theme-packs/071.png"
"072","沈潜殺到","072.png","assets/theme-packs/072.png"
"073","循環呼吸","073.png","assets/theme-packs/073.png"
"074","霹靂閃電","074.png","assets/theme-packs/074.png"
"075","LCB定期検診 BokGak","075.png","assets/theme-packs/075.png"
"076","深夜清掃 BokGak","076.png","assets/theme-packs/076.png"
"077","心の擦れ違う","077.png","assets/theme-packs/077.png"
"078","再び開かれたラ・マンチャランド","078.png","assets/theme-packs/078.png"
"079","終わらぬ行列","079.png","assets/theme-packs/079.png"
"080","夢の終わる","080.png","assets/theme-packs/080.png"
"081","四大家門と欲望","081.png","assets/theme-packs/081.png"
"082","眺めることしかできない","082.png","assets/theme-packs/082.png"
"083","教本","083.png","assets/theme-packs/083.png"
"084","剣と作品","084.png","assets/theme-packs/084.png"
"085","断ち切れない","085.png","assets/theme-packs/085.png"
"086","1号線","086.png","assets/theme-packs/086.png"
"087","3号線","087.png","assets/theme-packs/087.png"
"088","4号線-第3区間","088.png","assets/theme-packs/088.png"
"089","4号線-第4区間","089.png","assets/theme-packs/089.png"
"090","5号線","090.png","assets/theme-packs/090.png"
"091","時間殺人時間 BokGak","091.png","assets/theme-packs/091.png"
"092","ワープ特急殺人事件 BokGak","092.png","assets/theme-packs/092.png"
"093","解放された怒り","093.png","assets/theme-packs/093.png"
"094","縛り付ける色欲","094.png","assets/theme-packs/094.png"
"095","止まってしまった怠惰","095.png","assets/theme-packs/095.png"
"096","溢れかえった暴食","096.png","assets/theme-packs/096.png"
"097","沈んだ憂鬱","097.png","assets/theme-packs/097.png"
"098","独善的な傲慢","098.png","assets/theme-packs/098.png"
"099","哀れな嫉妬","099.png","assets/theme-packs/099.png"
"100","N社 新九人会","100.png","assets/theme-packs/100.png"
"101","開花する緑林","101.png","assets/theme-packs/101.png"
"102","3号線 - 終着駅","102.png","assets/theme-packs/102.png"
"103","永劫のくびき","103.png","assets/theme-packs/103.png"
"104","う・み・ダ・かに・バル","104.png","assets/theme-packs/104.png"
"105","終わりなき袋小路","105.png","assets/theme-packs/105.png"
"106","血鬼になれなかった者たち","106.png","assets/theme-packs/106.png"
"107","美しい声","107.png","assets/theme-packs/107.png"
"108","緑の黎明","108.png","assets/theme-packs/108.png"
"109","とある図書館の、ある本の中へ","109.png","assets/theme-packs/109.png"
"110","コードパープル","110.png","assets/theme-packs/110.png"
"111","重荷を背負った者たち","111.png","assets/theme-packs/111.png"
"112","1号線 : 狂気","112.png","assets/theme-packs/112.png"
"113","祝福のカーニバル","113.png","assets/theme-packs/113.png"
"114","フェアリーテイル","114.png","assets/theme-packs/114.png"
"115","血なまぐさい臭い","115.png","assets/theme-packs/115.png"
"116","即決処刑の時間","116.png","assets/theme-packs/116.png"
"117","ラ・マンチャランドの主","117.png","assets/theme-packs/117.png"
"118","挿翅虎","118.png","assets/theme-packs/118.png"
"119","とある春の夜の夢2","119.png","assets/theme-packs/119.png"
